{"cameraMode":{"drawMode":0,"name":"Shaded","section":"Shading Mode"},"sceneLighting":false,"audioPlay":false,"sceneViewState":{"showFog":true,"showMaterialUpdate":false,"showSkybox":false,"showFlares":true,"showImageEffects":true,"showParticleSystems":true},"in2DMode":false,"pivot":{"x":0.5606249570846558,"y":7.157526969909668,"z":-4.613979339599609},"rotation":{"x":0.06860117614269257,"y":-0.03263553977012634,"z":-0.0022602512035518886,"w":-0.9971295595169067},"size":11.450359344482422,"orthographic":false}