{"cameraMode":{"drawMode":0,"name":"Shaded","section":"Shading Mode"},"sceneLighting":true,"audioPlay":false,"sceneViewState":{"showFog":true,"showMaterialUpdate":false,"showSkybox":true,"showFlares":true,"showImageEffects":true,"showParticleSystems":true},"in2DMode":false,"pivot":{"x":0.2509203851222992,"y":3.1019952297210695,"z":4.027075290679932},"rotation":{"x":0.0048188637010753159,"y":0.989672064781189,"z":-0.13927355408668519,"w":0.034140028059482577},"size":0.45834118127822878,"orthographic":false}