{"cameraMode":{"drawMode":0,"name":"Shaded","section":"Shading Mode"},"sceneLighting":false,"audioPlay":false,"sceneViewState":{"showFog":true,"showMaterialUpdate":false,"showSkybox":false,"showFlares":true,"showImageEffects":true,"showParticleSystems":true},"in2DMode":false,"pivot":{"x":-2.311539649963379,"y":3.046539545059204,"z":-5.49153995513916},"rotation":{"x":-0.16800019145011903,"y":-0.16740989685058595,"z":0.02894858829677105,"w":-0.9710583090782166},"size":22.083349227905275,"orthographic":false}