{"cameraMode":{"drawMode":0,"name":"Shaded","section":"Shading Mode"},"sceneLighting":true,"audioPlay":false,"sceneViewState":{"showFog":true,"showMaterialUpdate":false,"showSkybox":true,"showFlares":true,"showImageEffects":true,"showParticleSystems":true},"in2DMode":false,"pivot":{"x":0.1678677797317505,"y":1.0353623628616334,"z":2.8543381690979006},"rotation":{"x":0.0638006329536438,"y":0.1722186654806137,"z":-0.011137288995087147,"w":0.9829587340354919},"size":6.660331726074219,"orthographic":false}