{"cameraMode":{"drawMode":0,"name":"Shaded","section":"Shading Mode"},"sceneLighting":false,"audioPlay":false,"sceneViewState":{"showFog":true,"showMaterialUpdate":false,"showSkybox":false,"showFlares":true,"showImageEffects":true,"showParticleSystems":true},"in2DMode":false,"pivot":{"x":-3.159396171569824,"y":5.061251640319824,"z":-4.503660202026367},"rotation":{"x":-0.08071698993444443,"y":0.11068592220544815,"z":-0.009037104435265065,"w":-0.9905539155006409},"size":9.101781845092774,"orthographic":false}