{"cameraMode":{"drawMode":0,"name":"Shaded","section":"Shading Mode"},"sceneLighting":false,"audioPlay":false,"sceneViewState":{"showFog":true,"showMaterialUpdate":false,"showSkybox":false,"showFlares":true,"showImageEffects":true,"showParticleSystems":true},"in2DMode":false,"pivot":{"x":-0.023638151586055757,"y":0.0619836151599884,"z":0.07582978159189224},"rotation":{"x":0.001199940568767488,"y":0.9333646893501282,"z":-0.003083930118009448,"w":0.3589824140071869},"size":1.6100561618804932,"orthographic":false}