{"cameraMode":{"drawMode":0,"name":"Shaded","section":"Shading Mode"},"sceneLighting":true,"audioPlay":false,"sceneViewState":{"showFog":true,"showMaterialUpdate":false,"showSkybox":true,"showFlares":true,"showImageEffects":true,"showParticleSystems":true},"in2DMode":false,"pivot":{"x":-2.577503204345703,"y":1.6536540985107422,"z":0.0},"rotation":{"x":-0.016694042831659318,"y":-0.11793078482151032,"z":0.001960993744432926,"w":-0.992906391620636},"size":38.0429801940918,"orthographic":false}